ts,user_id,role,content
1767127872,1415768546931245166,user,what is direct brand
1767127876,1415768546931245166,assistant,"A direct brand refers to a brand that sells its products directly to consumers, typically bypassing intermediaries or third-party retailers. In the context of Amazon Brand Direct, it involves sourcing inventory directly from manufacturers or brands and selling that inventory on Amazon through FBA (Fulfillment by Amazon). This model requires legitimate wholesale pricing, real commercial invoices, and brand authorization to sell, ensuring a clean supply chain without retail flipping or dropshipping.

If you want, Griffin in Discord can share more info."
1767635436,1415768546931245166,user,Why is having multiple FBA sellers a positive signal instead of a red flag in Brand Direct?
1767635445,1415768546931245166,assistant,"Having multiple FBA sellers on a listing is generally viewed positively in the context of Brand Direct wholesaling because it indicates several key factors that contribute to a robust and sustainable business model:

1. **Wholesaler-Friendly Environment**: A listing with multiple sellers suggests that the brand is open to working with different wholesalers and resellers, which means there's a solid wholesale infrastructure. This reduces the risk of being the only seller and increases your chances of scaling through consistent reorder opportunities.

2. **Market Demand Validation**: Multiple sellers can be a strong signal of inherent demand for the product. When various wholesalers are selling the same item, it indicates that there is a proven track record of sales volume. If a product has a healthy activity level, it’s more likely that replenishing inventory will yield further sales, aligning with the Brand Direct model’s emphasis on predictable revenue.

3. **Competitive Pricing**: Sellers competing in the marketplace tend to drive each other towards competitive pricing, which can be beneficial for consumers. This competitive landscape generally stabilizes the price points and can enhance the long-term viability of the product.

4. **Long-Term Viability**: If you notice that sellers come and go, with at least two new FBA sellers in the last six months, it’s a signal of ongoing opportunity rather than saturation. This indicates a healthy turnover of business, suggesting a dynamic market that is welcoming to new entrants.

5. **Reduced Risk of Brand Lockout**: Brands that have multiple authorized sellers are typically less likely to enforce stringent restrictions against resellers. This means that as a wholesaler, you're more likely to maintain access to the product without facing the risks of being cut off for certain violations.

In summary, multiple FBA sellers underscore the viability of a product in terms of demand, competition, and the health of the supply chain, which aligns with the strategic principles of Brand Direct sourcing.

If you want, Griffin in Discord can share more info."
1767635623,1415768546931245166,user,Why is having multiple FBA sellers a positive signal instead of a red flag in Brand Direct?
1767635634,1415768546931245166,assistant,"Having multiple FBA sellers for a product is indeed a positive signal in the context of Brand Direct sourcing for several reasons, reflecting both market dynamics and operational stability:

1. **Proof of Demand**: Multiple sellers indicate a healthy competitive landscape. If several sellers are successfully maintaining their inventory and sales, it suggests that there is a consistent demand for the product. This aligns with the foundational principle of Brand Direct, which emphasizes sourcing products that have validated sales performance, ensuring a more reliable revenue stream.

2. **Wholesale-Friendly Listings**: Brands that support multiple FBA sellers typically have a wholesale-friendly strategy. This means they are likely to provide the necessary authorizations and guarantees legitimate pricing models, facilitating smooth transactions for wholesalers. It reinforces trust in the brand's approach to partnerships with retailers like Amazon.

3. **Reduced Risk of Brand Lockout**: When several sellers are active, the brand is less likely to restrict access to those listings. If you're the only seller, the risk of being locked out due to policy changes or enforcement by the brand increases. A healthy number of sellers indicates that the brand is open to multiple partnerships, aligning with a compliance-driven strategy.

4. **Pricing Stability**: Multiple sellers foster a competitive pricing environment. While it's crucial to maintain healthy profit margins, competition among sellers can stabilize prices, preventing dramatic shifts that may arise from a single seller's pricing strategy. This pricing dynamics often leads to more predictable revenue, which is essential for running a sustainable Brand Direct operation.

5. **Potential for Expanded Portfolio**: A product demonstrating success with multiple sellers often encourages wholesalers to explore additional related products from the same brand. This can create opportunities for building a diverse portfolio within a single brand, which can help in leveraging brand equity and enhancing customer loyalty.

6. **Seller Trends**: The presence of new FBA sellers in the last six months can indicate that the market is refreshing and that there are sustainable opportunities. It suggests that these sellers perceive value in the product, and their entry enhances the marketplace's vibrancy, which is crucial for long-term viability.

In summary, the presence of multiple FBA sellers ensures that the product has been tested in the market, affirming its viability and stability, which are critical aspects of a successful Brand Direct strategy.

If you want, Griffin in Discord can share more info."
1767635788,1415768546931245166,user,Do brands expect to see a storefront or just a professional site?
1767635801,1415768546931245166,assistant,"When evaluating potential sellers and their online presence, brands typically have specific expectations that can impact your ability to secure wholesale partnerships and authorization to sell on platforms like Amazon. Here’s a breakdown of what brands usually prefer:

### 1. **Professional Website**:
   - **Credibility**: A well-designed, professional website conveys legitimacy and builds trust. Brands want to ensure that their partners have a reputable online presence that reflects their values and aligns with their brand image.
   - **Clear Contact Information**: A professional site should provide comprehensive contact details, ideally including phone numbers, email, and possibly a physical address. This fosters transparency and makes it easier for brands to communicate with potential partners.

### 2. **Storefront Functionality**:
   - **E-Commerce Capability**: While a storefront specifically for selling isn't always required, brands appreciate when a potential partner has an e-commerce platform or retail option. This demonstrates experience in handling transactions and provides assurance that the partner understands retail processes.
   - **Brand Representation**: The style, tone, and representation of products on any storefront must align with the brand’s image. Inconsistent branding can make a partnership less appealing to manufacturers and distributors who want their products represented well.

### 3. **Focus on Experience**:
   - **Industry Presence**: Brands look for partners who have experience in their specific product category. A website that showcases past sales, partnerships, or testimonials can enhance credibility significantly.
   - **Content Quality**: Regular, professional content like blog posts, product guides, or customer reviews can reflect a commitment to customer engagement. This signals to brands that you prioritize your business's online reputation.

### 4. **Sourcing Documents**:
   - **Proof of Purchase**: Brands will also likely expect evidence of your purchasing capabilities, such as invoices from other distributors or retailers. This further validates that you are a serious business entity, not just a casual seller.

### 5. **Alignment with Brand Values**:
   - **Mission and Vision**: Brands often look for alignment in their mission and vision. Having a website that reflects the values and ethos of both the brand and the seller promotes a strong partnership dynamic.

In summary, while a fully functioning e-commerce storefront can be beneficial, what’s most important is a professional website that emphasizes credibility, brand alignment, and experience. This insight into your business can greatly enhance your chances of gaining approval to wholesale their products for resale on Amazon.

If you want, Griffin in Discord can share more info."
1767636305,1415768546931245166,user,Do brands expect to see a storefront or just a professional site?
1767636319,1415768546931245166,assistant,"Brands generally prefer a professional website that reflects credibility and aligns with their values, rather than solely focusing on having an e-commerce storefront. Let’s delve into the specifics:

### 1. **Professional Image**:
   - **Trustworthiness**: A well-designed, professional website conveys legitimacy. It’s essential for brands to feel confident that their products are associated with reputable partners—something that a polished online presence helps establish.

### 2. **Contact Information and Transparency**:
   - **Accessibility**: A comprehensive website includes clear contact details, such as email addresses, phone numbers, and potentially a physical address. This transparency is vital for effective communication and builds trust.

### 3. **E-Commerce Elements**:
   - **Not Mandatory, but Beneficial**: While brands don't always expect a full-fledged e-commerce storefront, having some retail functionality can be a plus. It shows that you have experience in sales processes, which can assure brands of your capability to represent their products effectively.

### 4. **Brand Representation**:
   - **Consistency in Branding**: Any online presence must accurately reflect the brand's image. Discrepancies in how products are presented can deter brands, as they prefer that their products are represented in a way that aligns with their identity.

### 5. **Experience and Portfolio**:
   - **Showcasing Competence**: A website highlighting previous partnerships or showcasing industry experience can enhance your appeal. Content like customer testimonials or case studies can provide proof of your ability to operate within the marketplace.

### 6. **Sourcing Documentation**:
   - **Validation of Purpose**: Brands may expect to see evidence of your business model through professional documentation, including invoices or purchase orders from other suppliers, which reaffirms your legitimacy as a seller.

### 7. **Alignment with Brand Values**:
   - **Shared Mission**: A professional website should ideally communicate your business values and how they align with those of the brand. Brands often prefer partners that resonate with their mission and objectives, enhancing collaboration potential.

In essence, while a retail-ready storefront is not a strict requirement, a professional website that emphasizes credibility, transparency, and alignment with the brand's identity is critical for establishing fruitful wholesale relationships.

If you want, Griffin in Discord can share more info."
1767636509,1415768546931245166,user,Do brands expect to see a storefront or just a professional site?
1767636515,1415768546931245166,assistant,"Brands typically expect to see a professional website that communicates credibility and aligns with their values, rather than solely focusing on a full e-commerce storefront. 

### Why It Works
A well-designed website enhances trust and communicates professionalism, which is critical when brands consider partners. This approach signals that the potential seller takes their business seriously and is committed to upholding brand integrity.

### What Brands Look For
Brands seek clarity, consistency, and professionalism in a partner's online presence. Key criteria include clear contact information, evidence of e-commerce capability (even if limited), aligned branding, and transparency through sourcing documentation.

### Common Mistakes
A common oversight is prioritizing aesthetics over functionality—focusing on a fancy design without essential content or clear branding can create doubts about reliability and commitment.

### Next Steps
1. Revamp your website to ensure it reflects a professional image.
2. Include comprehensive contact information and sourcing documentation.
3. Ensure your branding aligns with the brands you wish to partner with.
4. Consider integrating minimal e-commerce features to demonstrate sales capability.
5. Highlight past experiences and partnerships to boost credibility.

### Mini-checklist
- Professional website design
- Clear contact information
- Display of sourcing documentation
- Aligned branding with target brands
- Evidence of past sales or partnerships

If you want, Griffin in Discord can share more info."
